이름,전화번호,age,job,marital,education,default,balance,housing,loan,contact,day,month,duration,campaign,pdays,previous,poutcome,deposit
최예준,010-5479-6150,46,management,married,unknown,no,2466,no,no,telephone,1,apr,216,3,370,1,failure,yes
홍서연,010-9945-4336,40,unemployed,divorced,secondary,no,262,yes,no,unknown,14,may,163,5,-1,0,unknown,no
박지호,010-0312-4482,52,management,married,tertiary,no,2428,yes,no,cellular,21,nov,294,1,116,3,failure,no
서예준,010-7547-5085,26,technician,single,tertiary,no,515,no,no,cellular,31,may,775,1,-1,0,unknown,yes
조서윤,010-7543-6357,46,blue-collar,single,tertiary,no,460,yes,no,unknown,7,may,1102,2,-1,0,unknown,yes
한유진,010-8882-9208,45,blue-collar,single,secondary,no,0,yes,no,cellular,26,apr,1472,1,192,4,failure,yes
오하은,010-4966-5363,34,services,married,secondary,no,-451,yes,yes,cellular,23,jul,498,1,-1,0,unknown,no
권시우,010-1088-5600,39,management,married,tertiary,no,141,yes,no,cellular,13,may,788,2,331,6,other,no
정서준,010-8953-2476,38,technician,single,tertiary,no,508,yes,yes,cellular,12,aug,1103,2,-1,0,unknown,yes
오하은,010-8768-1108,37,blue-collar,married,primary,no,1322,yes,no,cellular,21,nov,14,8,185,1,other,no
신유진,010-0769-0513,29,technician,single,secondary,no,309,yes,no,unknown,13,may,214,1,-1,0,unknown,no
신하은,010-3189-1947,36,management,single,tertiary,no,490,no,no,cellular,28,aug,207,8,98,1,failure,yes
권소율,010-9096-5178,30,technician,single,tertiary,no,2325,no,no,cellular,10,aug,263,1,127,7,failure,yes
권지아,010-3030-1720,39,housemaid,married,tertiary,no,2990,no,no,telephone,30,apr,127,4,-1,0,unknown,no
윤은서,010-9621-0918,53,management,married,secondary,no,2693,no,no,cellular,5,mar,90,1,104,1,failure,yes
조예서,010-2857-8447,64,management,married,unknown,no,2352,no,no,cellular,3,nov,181,4,183,7,success,yes
서서연,010-2946-9341,45,management,married,tertiary,no,1529,no,no,cellular,30,jun,160,1,-1,0,unknown,no
권윤서,010-0653-1232,59,self-employed,married,tertiary,no,2013,no,no,cellular,19,feb,222,4,94,2,success,yes
강수아,010-2573-7862,52,management,married,secondary,no,0,yes,yes,unknown,27,may,62,13,-1,0,unknown,no
장은서,010-8563-9958,43,admin.,single,secondary,no,386,no,no,cellular,12,oct,242,1,92,4,success,no
박하윤,010-6320-3729,27,services,married,secondary,no,221,no,yes,cellular,7,jul,554,1,-1,0,unknown,no
오예은,010-5356-4926,35,blue-collar,married,unknown,no,4822,yes,no,unknown,20,may,843,2,-1,0,unknown,yes
윤서윤,010-5827-3410,56,blue-collar,married,primary,no,8163,no,no,cellular,14,aug,1231,4,-1,0,unknown,yes
오지민,010-1626-9684,60,retired,married,secondary,no,0,no,no,cellular,5,aug,143,3,-1,0,unknown,no
김민서,010-4481-4190,35,technician,married,secondary,no,294,yes,no,cellular,15,jun,238,6,98,5,success,no
임서윤,010-2040-0341,45,technician,married,secondary,no,1348,no,yes,cellular,1,apr,358,2,-1,0,unknown,yes
권예준,010-6974-1547,36,blue-collar,married,secondary,no,3463,yes,no,telephone,21,nov,29,4,-1,0,unknown,no
김은서,010-4559-0249,63,blue-collar,married,secondary,no,641,no,no,cellular,27,may,417,2,-1,0,unknown,yes
오예서,010-0608-0060,42,technician,married,secondary,no,3082,no,no,cellular,11,sep,285,1,-1,0,unknown,yes
송주원,010-1773-9233,51,admin.,married,tertiary,no,0,yes,yes,cellular,8,mar,124,2,-1,0,unknown,yes
송수아,010-1610-9439,36,management,married,tertiary,no,0,yes,no,unknown,27,may,145,2,-1,0,unknown,no
김지호,010-4299-9062,21,student,single,tertiary,no,1258,no,no,cellular,7,jul,404,1,-1,0,unknown,no
안서준,010-8411-0113,50,services,single,secondary,no,1716,yes,no,cellular,7,apr,272,1,-1,0,unknown,no
이예준,010-6010-8114,30,management,single,secondary,no,1299,no,no,cellular,14,aug,515,2,-1,0,unknown,no
신예준,010-1089-0116,42,admin.,divorced,secondary,no,241,yes,no,cellular,15,may,1012,3,-1,0,unknown,yes
정지아,010-6662-9738,63,self-employed,married,tertiary,no,-39,no,no,cellular,1,apr,387,2,-1,0,unknown,yes
윤서연,010-5610-4956,38,management,single,tertiary,no,8669,yes,no,telephone,20,apr,5,3,150,6,failure,no
류지원,010-3389-4590,39,housemaid,married,tertiary,no,94,no,no,cellular,6,aug,181,2,-1,0,unknown,no
임지민,010-5103-3312,43,self-employed,divorced,secondary,no,347,no,no,cellular,19,nov,1468,3,-1,0,unknown,yes
한시우,010-8801-1196,38,management,married,tertiary,no,1223,no,no,cellular,12,aug,1092,5,-1,0,unknown,yes
강주원,010-8470-2876,38,admin.,married,secondary,no,1767,yes,no,cellular,12,nov,893,7,-1,0,unknown,yes
임지원,010-0992-4674,31,unemployed,divorced,primary,no,0,yes,no,unknown,30,may,745,12,-1,0,unknown,yes
송다은,010-1386-9957,54,technician,married,secondary,no,473,no,yes,cellular,2,nov,182,1,81,1,failure,yes
윤예은,010-0072-9073,34,entrepreneur,married,secondary,no,3119,yes,no,unknown,21,may,250,4,-1,0,unknown,no
송채원,010-4079-4087,50,entrepreneur,married,tertiary,no,-168,yes,no,cellular,23,jul,1327,2,-1,0,unknown,yes
오준서,010-9192-1583,34,admin.,married,secondary,no,2064,yes,no,unknown,26,may,165,2,-1,0,unknown,no
홍민서,010-8219-2423,49,admin.,single,secondary,no,716,yes,no,unknown,15,may,1257,3,-1,0,unknown,yes
한하준,010-1372-5918,41,entrepreneur,married,secondary,no,30,no,no,cellular,30,apr,460,1,-1,0,unknown,yes
송민준,010-2384-6045,52,technician,married,secondary,no,930,yes,no,unknown,2,jun,94,16,-1,0,unknown,no
정하윤,010-6245-5158,47,management,single,tertiary,no,255,no,yes,cellular,30,jul,802,4,-1,0,unknown,yes
김지원,010-6637-8174,31,management,single,tertiary,no,1761,yes,no,telephone,29,jul,332,3,440,3,failure,yes
황민준,010-9230-3543,37,management,single,tertiary,no,876,yes,no,cellular,15,apr,140,4,327,2,failure,no
윤지원,010-7744-2015,56,housemaid,married,primary,no,445,no,no,cellular,21,nov,13,6,-1,0,unknown,no
조주원,010-6740-3463,30,entrepreneur,married,secondary,no,12737,no,yes,cellular,19,nov,589,2,-1,0,unknown,yes
윤은서,010-3335-0759,37,admin.,married,secondary,no,96,no,no,cellular,7,aug,155,1,99,2,success,yes
장하윤,010-2147-5904,50,entrepreneur,married,secondary,no,2731,no,no,cellular,8,aug,111,2,-1,0,unknown,no
오민준,010-8452-7901,36,technician,single,secondary,no,2511,yes,no,cellular,16,apr,700,5,-1,0,unknown,yes
강준서,010-4577-1678,28,technician,single,secondary,no,2335,no,no,cellular,13,may,624,1,-1,0,unknown,yes
류지원,010-5647-3191,45,admin.,married,secondary,no,1097,yes,yes,cellular,2,feb,174,1,208,1,failure,no
정예준,010-4215-9254,36,management,single,unknown,no,62,no,no,cellular,13,jul,311,1,91,2,success,yes
신도윤,010-2007-9893,29,unemployed,single,unknown,no,1584,no,no,cellular,6,sep,245,1,-1,0,unknown,yes
장준서,010-0352-5170,45,blue-collar,single,secondary,no,0,yes,no,cellular,16,oct,283,1,165,3,failure,no
오민서,010-3072-8978,34,admin.,married,secondary,no,-312,yes,no,unknown,9,may,232,1,-1,0,unknown,no
윤지민,010-3403-3862,31,services,single,secondary,no,1709,no,yes,telephone,28,jan,944,3,-1,0,unknown,yes
류민준,010-8350-3002,60,retired,married,secondary,no,938,no,no,cellular,13,jan,380,3,-1,0,unknown,yes
임지원,010-9518-8991,37,management,married,tertiary,no,5016,no,no,cellular,8,aug,119,1,-1,0,unknown,no
황지유,010-0268-6340,36,technician,married,secondary,no,3579,no,no,cellular,14,aug,308,2,-1,0,unknown,no
한시우,010-1817-4262,60,retired,married,secondary,no,0,yes,no,unknown,15,may,229,1,-1,0,unknown,no
조소율,010-1780-3506,35,blue-collar,married,primary,no,624,yes,no,unknown,7,may,163,1,-1,0,unknown,no
김지호,010-2004-0490,61,retired,married,secondary,no,77,no,no,cellular,6,aug,455,4,-1,0,unknown,yes
윤다은,010-5911-5530,31,admin.,single,secondary,no,81,yes,no,cellular,23,apr,215,2,165,11,other,no
류예준,010-3675-9773,46,management,married,tertiary,no,273,yes,no,cellular,15,sep,1962,1,105,3,failure,yes
송유진,010-2323-0245,47,technician,divorced,secondary,no,1851,yes,no,unknown,19,may,140,2,-1,0,unknown,no
강지유,010-2057-4819,43,blue-collar,married,primary,no,8,no,no,telephone,7,jul,245,5,-1,0,unknown,no
권윤서,010-3729-4021,59,management,divorced,tertiary,no,1304,no,no,unknown,18,jun,220,1,-1,0,unknown,no
임지우,010-9492-6443,47,blue-collar,married,primary,no,4040,no,no,cellular,11,aug,53,5,-1,0,unknown,no
최예준,010-0608-5340,43,management,married,tertiary,no,839,no,no,cellular,22,jul,942,1,-1,0,unknown,yes
류지유,010-5012-4350,57,management,married,tertiary,no,3431,yes,no,unknown,16,may,73,1,-1,0,unknown,no
이하준,010-1360-4280,57,technician,married,secondary,no,295,no,no,cellular,19,aug,151,11,-1,0,unknown,no
김지아,010-8086-4079,53,entrepreneur,single,secondary,no,62,yes,no,unknown,30,may,1044,5,-1,0,unknown,yes
서지후,010-8940-2794,80,retired,married,primary,no,2994,no,no,cellular,6,aug,320,1,-1,0,unknown,no
박민준,010-7271-7186,39,management,married,tertiary,no,271,yes,no,cellular,12,aug,1344,1,-1,0,unknown,yes
류수아,010-5783-4985,41,blue-collar,single,unknown,no,961,yes,no,unknown,29,may,117,1,-1,0,unknown,no
홍예준,010-3373-1829,42,technician,single,secondary,yes,-1129,yes,no,unknown,2,jun,555,5,-1,0,unknown,yes
정하윤,010-4457-5965,35,management,single,tertiary,no,538,no,no,cellular,22,dec,410,3,165,2,other,yes
서지민,010-9315-9508,38,management,married,tertiary,no,1463,yes,no,cellular,25,aug,425,4,-1,0,unknown,no
서지아,010-6701-1260,48,unknown,single,unknown,no,1819,no,no,cellular,2,sep,1440,1,458,1,failure,yes
송소율,010-4241-0185,66,retired,married,secondary,no,2326,no,yes,cellular,18,feb,232,1,181,1,success,yes
강지유,010-2331-7586,30,management,married,tertiary,no,131,yes,no,cellular,11,aug,384,6,-1,0,unknown,yes
윤소율,010-8843-5003,47,blue-collar,married,secondary,no,8229,no,no,cellular,8,aug,784,2,-1,0,unknown,yes
권지아,010-9205-7123,38,services,married,secondary,no,968,yes,no,cellular,6,apr,272,1,-1,0,unknown,no
황소율,010-5823-7110,57,retired,married,primary,no,207,yes,no,unknown,8,may,193,1,-1,0,unknown,no
김서준,010-4659-1430,32,services,single,secondary,no,182,yes,no,cellular,6,may,145,1,-1,0,unknown,no
한채원,010-1403-7852,61,blue-collar,married,primary,no,5,no,no,cellular,6,aug,562,2,94,3,success,yes
강민서,010-3280-2440,51,blue-collar,married,tertiary,no,7816,yes,no,unknown,12,may,76,2,-1,0,unknown,no
황하준,010-1846-6693,48,management,married,tertiary,no,1167,yes,yes,cellular,1,jun,264,1,-1,0,unknown,yes
조하준,010-0829-0539,39,services,married,secondary,no,25,yes,yes,cellular,12,may,658,1,351,3,failure,yes
안도윤,010-7862-4431,45,admin.,divorced,secondary,no,2353,yes,no,cellular,5,mar,182,1,107,2,other,yes
서예준,010-7285-7484,22,student,single,secondary,no,2162,no,no,telephone,2,feb,168,1,-1,0,unknown,no
권민서,010-6798-4779,36,unemployed,single,tertiary,no,221,no,no,cellular,3,feb,225,4,-1,0,unknown,no
박민준,010-1994-8380,32,blue-collar,married,secondary,no,3166,yes,no,cellular,20,nov,418,3,-1,0,unknown,no
오준서,010-6680-1890,27,student,single,tertiary,no,311,no,no,cellular,28,jul,462,1,148,4,success,yes
홍지아,010-8260-1276,47,management,married,tertiary,no,60,no,no,unknown,2,jun,282,7,-1,0,unknown,no
신주원,010-7387-2706,55,retired,married,tertiary,no,2929,no,no,unknown,16,jun,556,3,-1,0,unknown,no
황서윤,010-1271-9589,34,management,single,tertiary,no,5,no,no,cellular,18,aug,370,2,-1,0,unknown,yes
류지아,010-9133-6405,45,blue-collar,married,secondary,no,61,yes,yes,unknown,23,may,208,1,-1,0,unknown,no
조하준,010-2649-2659,41,technician,married,secondary,no,188,no,yes,telephone,31,jul,15,25,-1,0,unknown,no
서서윤,010-6547-6427,65,retired,married,primary,no,343,no,no,telephone,5,feb,159,2,-1,0,unknown,no
한지호,010-6247-9221,47,retired,married,secondary,no,-71,yes,no,cellular,11,aug,293,5,-1,0,unknown,no
임지민,010-0977-9981,39,management,single,secondary,no,120,no,no,unknown,12,jun,66,1,-1,0,unknown,no
한하윤,010-4760-3492,38,technician,single,tertiary,no,5122,yes,no,cellular,20,nov,370,1,184,1,failure,no
박윤서,010-3020-4973,50,unemployed,married,secondary,no,3674,yes,no,unknown,30,may,886,3,-1,0,unknown,yes
한하준,010-9819-1146,38,technician,married,secondary,no,497,no,no,unknown,14,apr,173,1,-1,0,unknown,yes
한채원,010-2238-9824,34,management,married,tertiary,no,0,yes,no,cellular,3,feb,251,1,-1,0,unknown,yes
강수아,010-3827-4030,52,technician,married,secondary,no,475,yes,no,cellular,28,jul,121,3,-1,0,unknown,no
이도윤,010-1611-2843,46,blue-collar,married,secondary,no,640,yes,no,cellular,12,mar,215,1,182,4,success,yes
한서윤,010-8420-2879,70,retired,divorced,primary,no,482,no,no,telephone,14,jan,372,1,196,2,success,yes
조준서,010-8295-4844,47,blue-collar,single,unknown,no,2443,no,no,unknown,18,jun,422,1,-1,0,unknown,no
정예준,010-4009-5078,93,retired,married,unknown,no,775,no,no,cellular,4,aug,476,2,13,9,success,yes
한민준,010-5689-2788,54,technician,single,secondary,no,224,no,no,cellular,5,aug,134,2,-1,0,unknown,no
조서윤,010-3123-3357,48,services,single,primary,no,-139,no,no,cellular,13,may,75,2,-1,0,unknown,no
송유진,010-7688-6933,33,management,single,tertiary,no,5437,no,no,cellular,7,oct,201,1,58,3,failure,yes
정예준,010-2150-8652,77,retired,married,secondary,no,9601,no,no,telephone,27,mar,515,1,-1,0,unknown,yes
임준서,010-4691-9994,26,blue-collar,single,secondary,no,-46,yes,no,unknown,20,jun,382,7,-1,0,unknown,yes
임지유,010-2553-7745,56,admin.,married,secondary,no,5310,no,no,unknown,19,jun,74,1,-1,0,unknown,no
이서연,010-4746-0862,52,blue-collar,divorced,primary,no,2800,no,no,unknown,19,jun,149,1,-1,0,unknown,no
김은서,010-7031-7966,26,unemployed,single,tertiary,no,3466,no,no,cellular,6,oct,275,2,-1,0,unknown,yes
김지호,010-0431-7727,36,housemaid,single,secondary,no,1015,yes,no,cellular,18,may,1008,1,347,2,success,yes
정민서,010-3942-7748,49,management,married,tertiary,no,2139,no,no,cellular,5,aug,278,1,-1,0,unknown,no
신주원,010-8749-7750,31,blue-collar,married,secondary,no,1779,yes,no,unknown,5,jun,85,2,-1,0,unknown,no
안하은,010-0982-7377,56,management,married,primary,no,7747,no,no,unknown,5,jun,103,2,-1,0,unknown,no
한민서,010-5373-9591,31,entrepreneur,single,secondary,no,0,no,no,telephone,13,nov,160,1,-1,0,unknown,yes
이하은,010-6124-8574,90,retired,divorced,secondary,no,1,no,no,cellular,13,feb,152,3,-1,0,unknown,yes
장채원,010-4132-6523,40,services,single,secondary,no,19343,yes,no,cellular,21,nov,13,4,179,4,failure,no
김은서,010-0757-6461,30,services,married,secondary,no,271,yes,no,unknown,15,may,365,1,-1,0,unknown,no
송소율,010-9037-9027,41,technician,divorced,secondary,no,75,no,no,cellular,20,aug,351,2,-1,0,unknown,no
장지호,010-9939-9890,47,unknown,married,unknown,no,677,no,no,cellular,30,apr,900,2,86,2,failure,yes
황지후,010-8028-3234,30,entrepreneur,single,secondary,no,732,no,no,cellular,3,feb,1404,4,-1,0,unknown,yes
윤수아,010-6915-5607,53,blue-collar,married,secondary,no,974,yes,no,unknown,26,may,197,2,-1,0,unknown,no
이서준,010-6925-4973,36,management,married,tertiary,no,255,no,no,cellular,22,may,970,2,92,2,other,yes
강다은,010-9181-8440,47,unemployed,divorced,secondary,no,947,no,no,cellular,5,feb,124,2,-1,0,unknown,no
권하윤,010-5694-9159,40,technician,divorced,secondary,no,0,no,no,cellular,7,aug,674,2,-1,0,unknown,yes
오지유,010-1738-5227,46,blue-collar,married,secondary,no,1147,yes,no,cellular,20,apr,720,1,-1,0,unknown,yes
장주원,010-4799-6308,60,blue-collar,married,secondary,no,19447,yes,no,telephone,9,jul,196,1,-1,0,unknown,no
송윤서,010-2105-1794,57,housemaid,married,primary,no,260,yes,no,unknown,16,may,38,3,-1,0,unknown,no
오준서,010-6035-3696,72,self-employed,married,tertiary,no,132,no,no,cellular,1,jul,260,2,65,1,success,yes
신준서,010-4479-8477,41,management,married,tertiary,no,1092,no,no,cellular,5,aug,736,1,-1,0,unknown,yes
오지아,010-2059-3032,27,management,single,tertiary,no,107,no,no,cellular,18,oct,767,3,-1,0,unknown,yes
김예준,010-2737-6405,38,technician,single,tertiary,no,0,no,no,cellular,28,aug,247,2,-1,0,unknown,no
황지후,010-9205-4670,51,unemployed,married,secondary,no,234,no,no,cellular,22,aug,735,1,-1,0,unknown,yes
김지호,010-5010-8254,50,self-employed,married,secondary,no,10052,no,no,cellular,13,aug,665,2,-1,0,unknown,yes
황지원,010-4007-9588,45,blue-collar,married,secondary,no,28,no,yes,cellular,4,feb,215,1,222,1,other,no
윤지후,010-5250-4069,39,admin.,single,secondary,no,14,yes,yes,unknown,13,may,19,9,-1,0,unknown,no
권민준,010-1723-0798,52,housemaid,married,primary,no,10943,no,no,cellular,16,sep,292,1,-1,0,unknown,yes
조서연,010-5238-1229,73,retired,married,primary,no,542,no,no,telephone,29,apr,107,5,-1,0,unknown,no
조지원,010-0780-6120,37,blue-collar,single,secondary,no,133,yes,no,cellular,11,may,1388,2,-1,0,unknown,yes
윤지후,010-8665-6706,36,self-employed,single,tertiary,no,-103,yes,yes,telephone,17,oct,3253,1,-1,0,unknown,yes
권수아,010-2027-3705,51,unemployed,divorced,tertiary,no,0,no,no,cellular,31,jul,574,2,-1,0,unknown,yes
정소율,010-4308-3109,49,management,married,tertiary,no,1808,yes,no,cellular,1,jun,205,1,95,1,success,yes
권서윤,010-7050-8829,29,admin.,single,secondary,no,27,yes,no,cellular,6,may,754,1,-1,0,unknown,yes
한지우,010-0708-9139,32,blue-collar,single,secondary,no,799,no,yes,cellular,23,jul,2078,6,-1,0,unknown,yes
이서현,010-8919-5943,33,admin.,married,secondary,no,920,no,no,cellular,13,aug,111,1,105,1,success,no
강준서,010-1104-2864,39,blue-collar,married,secondary,no,39,yes,no,unknown,18,jun,34,6,-1,0,unknown,no
오하윤,010-4234-2432,52,management,married,tertiary,no,499,no,no,cellular,6,aug,115,4,-1,0,unknown,no
강지호,010-1385-3494,56,retired,divorced,primary,no,694,no,no,cellular,29,jan,144,1,102,1,other,yes
강예은,010-6562-5172,31,management,married,tertiary,no,1331,no,no,cellular,3,feb,182,2,90,1,success,yes
권하윤,010-2769-4676,38,services,single,primary,no,-87,yes,no,cellular,13,may,531,1,-1,0,unknown,no
윤민준,010-0639-2624,61,retired,married,secondary,no,243,no,no,cellular,20,apr,194,1,-1,0,unknown,yes
권은서,010-6157-7525,45,admin.,married,secondary,no,1206,no,no,telephone,8,feb,309,1,446,3,failure,yes
황유진,010-1337-4862,35,blue-collar,single,primary,no,-276,yes,no,cellular,13,may,850,1,-1,0,unknown,yes
권지호,010-4613-3120,43,services,married,secondary,no,2145,no,no,cellular,22,may,271,1,183,3,failure,yes
최지유,010-6263-5846,36,management,married,tertiary,no,242,yes,no,cellular,14,may,20,1,-1,0,unknown,no
윤윤서,010-7205-6615,38,management,married,tertiary,no,0,yes,no,cellular,30,apr,571,1,-1,0,unknown,yes
조다은,010-9985-9696,44,blue-collar,single,secondary,no,712,yes,yes,cellular,6,apr,740,3,-1,0,unknown,yes
안하윤,010-3788-1626,38,blue-collar,single,secondary,no,1121,no,no,unknown,18,jun,203,1,-1,0,unknown,no
서윤서,010-2569-9331,34,blue-collar,divorced,secondary,no,383,yes,no,unknown,13,may,2231,1,-1,0,unknown,yes
오서현,010-0685-4397,59,management,married,tertiary,no,2239,no,no,cellular,22,may,431,1,-1,0,unknown,yes
류시우,010-6876-1624,25,management,single,tertiary,no,943,no,no,cellular,30,apr,512,1,-1,0,unknown,yes
신주원,010-0718-3398,25,management,single,tertiary,no,490,no,no,cellular,7,sep,394,1,-1,0,unknown,no
조지호,010-6533-3197,66,admin.,divorced,secondary,no,220,no,no,cellular,28,aug,283,1,-1,0,unknown,no
장주원,010-2015-9588,54,technician,single,tertiary,no,118,no,no,cellular,5,apr,280,1,-1,0,unknown,yes
신예준,010-2973-5404,49,blue-collar,married,secondary,no,1127,yes,yes,cellular,17,apr,162,2,281,1,failure,no
김민준,010-6834-4535,47,management,married,primary,no,4151,yes,no,unknown,14,may,114,1,-1,0,unknown,no
송민준,010-6645-1845,40,blue-collar,married,secondary,no,1451,no,no,cellular,1,jun,314,1,-1,0,unknown,yes
임하준,010-8430-1983,51,retired,married,primary,no,1495,no,no,telephone,25,jul,1946,4,-1,0,unknown,yes
송은서,010-1162-0411,31,management,single,tertiary,no,307,no,no,cellular,8,jul,361,1,229,2,failure,yes
장도윤,010-9000-3986,39,management,single,tertiary,no,763,no,no,cellular,22,feb,543,1,189,1,failure,yes
황지우,010-4811-2531,50,blue-collar,married,primary,no,12519,yes,no,cellular,21,nov,615,3,34,1,failure,yes
류민서,010-6022-8944,39,blue-collar,married,primary,no,34,yes,no,unknown,27,may,114,1,-1,0,unknown,no
임하은,010-0804-5237,30,technician,single,tertiary,no,0,no,no,cellular,22,aug,34,2,-1,0,unknown,no
서하은,010-1397-6099,60,retired,married,tertiary,no,0,no,no,cellular,25,aug,101,3,-1,0,unknown,no
홍하준,010-2577-2747,30,technician,single,secondary,no,9645,no,yes,cellular,26,aug,130,10,-1,0,unknown,no
임민서,010-3461-4439,47,housemaid,divorced,primary,no,1405,no,no,unknown,12,jun,127,1,-1,0,unknown,no
최준서,010-2593-9358,42,management,married,tertiary,no,976,no,no,cellular,19,aug,164,1,-1,0,unknown,yes
강지유,010-6484-5967,32,management,single,tertiary,no,131,no,no,unknown,3,jun,267,3,-1,0,unknown,no
임준서,010-1832-7842,31,unemployed,single,secondary,no,582,yes,no,cellular,5,jun,548,2,-1,0,unknown,yes
한다은,010-6915-8735,38,blue-collar,married,primary,no,178,yes,no,unknown,20,may,245,1,-1,0,unknown,no
황지유,010-8652-9959,31,technician,married,secondary,no,450,no,yes,cellular,20,nov,111,2,129,4,failure,no
한지민,010-3779-7008,32,unemployed,married,secondary,no,365,yes,no,cellular,30,jan,210,3,-1,0,unknown,no
윤지원,010-7758-9290,30,management,single,tertiary,no,2708,no,no,cellular,19,nov,479,1,-1,0,unknown,no
안수아,010-7855-2787,32,admin.,divorced,secondary,no,-331,yes,yes,unknown,26,may,130,3,-1,0,unknown,no
신서연,010-4535-3059,36,blue-collar,married,secondary,no,3935,yes,yes,unknown,27,may,220,6,-1,0,unknown,no
정다은,010-9798-7823,27,services,single,secondary,no,-195,yes,no,cellular,18,may,391,1,-1,0,unknown,yes
임지우,010-3506-0368,36,blue-collar,divorced,secondary,no,638,yes,no,unknown,16,jun,1395,2,-1,0,unknown,yes
강채원,010-6718-9295,50,entrepreneur,married,tertiary,no,230,no,no,telephone,30,jul,1089,4,-1,0,unknown,yes
한지후,010-1728-3938,37,technician,single,tertiary,no,147,no,no,unknown,7,may,416,2,-1,0,unknown,no
강소율,010-6542-7603,25,admin.,single,secondary,no,483,no,yes,cellular,3,feb,189,1,-1,0,unknown,yes
안윤서,010-7960-5160,42,management,single,tertiary,no,525,no,no,cellular,13,aug,127,2,-1,0,unknown,no
류지호,010-8843-9010,32,self-employed,married,primary,no,102,yes,no,cellular,18,jul,560,1,-1,0,unknown,yes
이민서,010-3052-7383,41,blue-collar,divorced,secondary,no,5291,yes,no,unknown,14,may,1423,3,-1,0,unknown,yes
오지원,010-5048-0120,33,admin.,married,secondary,no,2,yes,no,unknown,20,may,201,1,-1,0,unknown,no
윤소율,010-4606-2566,31,admin.,married,secondary,no,685,yes,no,cellular,15,may,552,1,329,3,failure,yes
김도윤,010-3881-2118,35,blue-collar,married,secondary,no,126,yes,no,cellular,16,apr,472,1,-1,0,unknown,no
정윤서,010-7583-6454,39,blue-collar,married,secondary,no,1756,yes,no,cellular,3,apr,939,1,-1,0,unknown,yes
박예은,010-8793-7314,52,retired,married,tertiary,no,350,no,yes,cellular,9,jul,156,1,-1,0,unknown,no
한예서,010-4577-5947,51,housemaid,married,primary,no,1337,no,no,telephone,30,jul,74,6,-1,0,unknown,no
박시우,010-4392-8447,28,blue-collar,married,secondary,no,948,yes,no,unknown,9,may,455,1,-1,0,unknown,no
윤서연,010-1381-9112,47,admin.,married,secondary,no,368,no,no,cellular,23,feb,269,1,187,5,success,yes
조서연,010-5179-9173,33,blue-collar,married,secondary,no,661,yes,no,cellular,18,jul,968,1,-1,0,unknown,yes
박서준,010-2162-7292,30,admin.,single,secondary,no,-36,no,no,cellular,16,jul,561,9,-1,0,unknown,yes
김지원,010-6405-4307,30,technician,single,tertiary,no,3,yes,no,unknown,7,may,174,1,-1,0,unknown,no
권지아,010-9629-5112,43,blue-collar,married,primary,no,3064,yes,no,cellular,20,nov,2453,2,-1,0,unknown,yes
박서윤,010-2895-8916,46,management,married,tertiary,no,242,no,no,cellular,4,aug,120,2,96,1,success,yes
김지민,010-6832-5300,69,technician,married,secondary,no,9064,no,no,cellular,7,aug,714,1,-1,0,unknown,yes
한하준,010-5258-7059,44,entrepreneur,married,tertiary,no,121,no,no,cellular,10,aug,412,1,-1,0,unknown,yes
오하윤,010-2137-9685,43,management,single,tertiary,no,1806,yes,no,cellular,12,aug,161,2,-1,0,unknown,no
서하준,010-8646-3418,35,management,married,tertiary,no,802,yes,no,cellular,6,may,686,2,-1,0,unknown,yes
강지우,010-9223-3411,26,blue-collar,single,primary,no,102,yes,no,unknown,16,may,46,1,-1,0,unknown,no
임서윤,010-6564-6930,46,housemaid,married,primary,no,3512,no,no,cellular,30,oct,175,1,197,1,failure,yes
장서연,010-9321-0524,52,services,married,secondary,no,992,yes,no,cellular,27,oct,424,1,515,1,failure,yes
안하준,010-0732-6502,35,housemaid,married,tertiary,no,1265,yes,no,cellular,15,may,326,5,179,4,failure,yes
서민서,010-9981-7308,40,technician,married,secondary,no,990,yes,no,cellular,6,feb,252,3,-1,0,unknown,no
송시우,010-3727-8845,29,technician,single,tertiary,no,542,yes,no,unknown,9,may,338,3,-1,0,unknown,no
오서윤,010-0790-4162,39,blue-collar,married,secondary,no,62,yes,no,cellular,7,may,877,3,-1,0,unknown,yes
임하윤,010-0416-9281,48,management,married,primary,no,1513,no,no,cellular,29,jan,166,2,-1,0,unknown,no
임예준,010-3159-5215,37,technician,single,tertiary,no,0,yes,no,cellular,23,jul,366,6,-1,0,unknown,yes
오윤서,010-3678-1922,41,blue-collar,married,secondary,no,4910,yes,no,cellular,3,apr,1090,1,-1,0,unknown,no
조유진,010-0876-7871,32,management,single,tertiary,no,7290,yes,no,cellular,18,may,357,1,-1,0,unknown,yes
윤예은,010-6075-6763,29,blue-collar,single,secondary,no,202,no,no,cellular,30,jan,128,2,-1,0,unknown,no
박지유,010-8012-4230,57,management,married,secondary,no,0,no,no,cellular,28,jan,132,1,-1,0,unknown,no
이지유,010-9318-0990,47,housemaid,married,primary,no,0,yes,no,telephone,24,jul,193,1,-1,0,unknown,no
윤도윤,010-2000-9011,60,retired,married,tertiary,no,846,no,no,telephone,26,may,1346,1,-1,0,unknown,yes
강은서,010-8038-3976,35,admin.,married,secondary,no,907,no,yes,unknown,2,jul,97,4,-1,0,unknown,no
윤채원,010-0735-5051,56,management,married,tertiary,no,25290,no,no,cellular,31,jul,81,12,-1,0,unknown,no
김윤서,010-3021-9854,53,admin.,married,secondary,no,10541,no,no,cellular,9,nov,178,1,-1,0,unknown,yes
장예은,010-9286-9398,37,services,married,secondary,no,4151,yes,yes,cellular,30,jul,543,4,-1,0,unknown,yes
홍민서,010-1458-0812,27,technician,single,tertiary,no,-67,yes,no,cellular,6,apr,604,3,236,2,failure,yes
강주원,010-3800-4725,30,blue-collar,single,secondary,no,103,yes,no,cellular,17,apr,2053,2,317,1,other,no
서지원,010-4399-5111,37,entrepreneur,married,primary,no,8,yes,yes,cellular,16,jul,46,1,-1,0,unknown,no
한서준,010-3830-9909,35,services,married,unknown,no,618,no,no,cellular,30,apr,951,1,-1,0,unknown,yes
이주원,010-9436-6537,53,admin.,married,secondary,no,3765,no,no,unknown,20,jun,1094,3,-1,0,unknown,yes
최서준,010-1685-7568,59,housemaid,married,primary,no,235,no,no,cellular,13,aug,119,2,-1,0,unknown,no
이은서,010-0671-0144,28,self-employed,single,tertiary,no,159,no,no,cellular,14,oct,246,2,420,2,other,yes
조하은,010-6145-2256,82,retired,married,primary,no,243,no,no,cellular,26,jul,275,1,180,2,success,yes
안예서,010-1712-9573,45,management,married,tertiary,no,160,no,no,cellular,10,nov,182,2,194,1,success,yes
임수아,010-3518-5954,77,retired,married,tertiary,no,0,no,no,cellular,17,aug,286,1,-1,0,unknown,yes
송지아,010-6546-1343,39,services,married,secondary,no,208,no,yes,cellular,9,feb,122,2,-1,0,unknown,no
송민준,010-0670-8273,34,services,married,primary,no,31,no,yes,cellular,9,jul,53,3,-1,0,unknown,no
안지호,010-2287-8548,27,technician,single,secondary,no,489,yes,no,cellular,30,jul,356,4,-1,0,unknown,yes
최예서,010-7524-7483,37,services,single,secondary,no,934,yes,no,unknown,16,may,242,3,-1,0,unknown,no
윤예준,010-6360-0272,38,management,married,secondary,no,3840,yes,yes,cellular,17,nov,62,1,-1,0,unknown,no
윤지후,010-9064-7934,41,unemployed,married,secondary,no,0,yes,yes,cellular,5,may,400,1,-1,0,unknown,yes
강윤서,010-4847-2998,31,unemployed,single,primary,no,163,no,no,cellular,30,jan,707,2,2,1,other,yes
정예서,010-3562-1587,50,management,married,tertiary,no,0,no,no,cellular,10,aug,232,3,130,3,other,no
정소율,010-5559-3215,35,admin.,single,secondary,no,0,yes,no,cellular,8,may,376,3,-1,0,unknown,no
박지유,010-9103-0364,48,management,married,tertiary,no,5320,yes,no,unknown,20,jun,792,1,-1,0,unknown,yes
박예은,010-7431-3541,73,retired,married,unknown,no,739,no,no,cellular,11,sep,210,1,-1,0,unknown,yes
강지원,010-8685-9780,39,management,single,unknown,no,2887,yes,no,unknown,7,may,42,2,-1,0,unknown,no
홍서연,010-3408-3489,46,technician,married,secondary,no,536,yes,no,unknown,16,jun,750,2,-1,0,unknown,yes
임지아,010-4216-6946,45,self-employed,married,tertiary,no,-497,yes,yes,cellular,15,may,217,1,176,1,failure,no
오준서,010-0268-0296,50,admin.,married,secondary,no,3608,yes,no,cellular,14,may,196,8,182,4,success,yes
이하은,010-9845-7541,67,retired,married,tertiary,no,1341,no,no,cellular,13,feb,706,1,-1,0,unknown,yes
조시우,010-1255-1696,47,housemaid,married,primary,no,183,no,no,cellular,13,aug,144,1,-1,0,unknown,no
김예서,010-8902-8543,31,services,single,secondary,no,-475,yes,no,telephone,12,may,232,3,-1,0,unknown,no
신서연,010-3760-6127,33,unemployed,single,secondary,no,682,no,no,cellular,5,feb,251,1,-1,0,unknown,no
권준서,010-6279-0942,53,retired,married,secondary,no,4968,no,no,cellular,6,may,109,1,87,2,failure,no
서예서,010-7350-9897,53,housemaid,married,primary,no,0,no,no,unknown,24,jun,51,8,-1,0,unknown,no
최지아,010-7534-1701,44,housemaid,single,secondary,no,299,no,no,cellular,20,nov,186,1,-1,0,unknown,no
윤준서,010-5689-1948,45,self-employed,divorced,tertiary,yes,75,yes,yes,cellular,4,feb,236,1,-1,0,unknown,no
한예준,010-3283-4441,42,entrepreneur,married,primary,no,558,yes,no,cellular,6,may,186,2,-1,0,unknown,no
박지후,010-6914-9974,25,admin.,single,secondary,no,285,no,no,cellular,3,jul,658,3,-1,0,unknown,yes
신채원,010-2664-4593,31,management,single,tertiary,no,354,no,no,cellular,21,apr,242,2,-1,0,unknown,yes
박지유,010-9418-4628,35,services,married,secondary,no,819,yes,no,telephone,14,jul,102,14,-1,0,unknown,no
김시우,010-2012-3370,53,management,married,secondary,no,90,yes,no,telephone,20,apr,67,5,-1,0,unknown,no
오준서,010-8390-5049,60,technician,married,secondary,no,294,no,no,telephone,3,jun,206,4,-1,0,unknown,yes
안주원,010-3585-0903,38,management,single,tertiary,no,1515,yes,no,telephone,31,jul,42,5,-1,0,unknown,no
안윤서,010-0471-0903,55,unemployed,married,primary,no,1212,no,no,cellular,31,aug,241,1,92,1,failure,no
신도윤,010-1598-7381,36,admin.,single,tertiary,no,994,no,no,cellular,5,feb,195,1,176,5,failure,yes
박지유,010-1568-4844,37,management,married,tertiary,no,108,yes,yes,cellular,4,jun,262,2,-1,0,unknown,yes
안지후,010-0353-7181,42,technician,married,secondary,no,2,no,no,unknown,29,may,249,2,-1,0,unknown,no
서지원,010-7164-5637,72,retired,married,secondary,no,1129,no,no,cellular,25,nov,208,1,91,1,success,yes
안예준,010-0021-7587,33,housemaid,single,tertiary,no,1107,yes,no,cellular,18,mar,201,1,-1,0,unknown,yes
권윤서,010-1207-0918,30,blue-collar,single,secondary,no,80,yes,yes,cellular,5,may,145,1,337,4,failure,no
신시우,010-5579-3243,38,unemployed,single,secondary,no,804,no,no,cellular,1,jun,1087,1,-1,0,unknown,yes
신하은,010-4281-2827,57,technician,married,secondary,no,458,no,yes,cellular,15,jul,177,3,-1,0,unknown,no
안시우,010-4752-7911,43,unemployed,married,primary,no,519,no,no,unknown,20,jun,973,2,-1,0,unknown,yes
김서준,010-8100-7570,26,student,single,tertiary,no,641,yes,no,cellular,15,may,55,1,368,1,failure,no
강은서,010-3407-2704,85,retired,divorced,primary,no,7613,no,no,cellular,18,feb,355,3,-1,0,unknown,yes
오민서,010-5094-4835,47,admin.,married,unknown,no,989,no,no,unknown,19,jun,116,1,-1,0,unknown,no
황예서,010-3424-7695,68,retired,married,tertiary,no,2812,no,no,cellular,3,aug,392,4,181,3,success,yes
류도윤,010-6379-1339,39,blue-collar,married,secondary,no,167,yes,yes,cellular,12,may,612,1,-1,0,unknown,yes
서민준,010-2927-7998,32,technician,single,tertiary,no,34646,no,no,telephone,13,aug,618,9,-1,0,unknown,yes
권지유,010-5274-6854,38,blue-collar,married,secondary,no,961,yes,no,unknown,16,may,346,1,-1,0,unknown,no
송채원,010-0626-5770,30,management,married,tertiary,no,7,yes,no,cellular,28,aug,173,1,164,4,other,yes
조채원,010-6836-3640,36,student,single,unknown,no,417,no,no,cellular,10,aug,304,1,181,1,success,yes
조유진,010-3272-7041,43,technician,married,tertiary,no,4333,yes,no,cellular,20,nov,1490,3,-1,0,unknown,yes
최지호,010-8725-7141,50,management,single,tertiary,no,3537,no,no,unknown,24,oct,305,1,-1,0,unknown,yes
서서윤,010-5304-9257,59,retired,married,tertiary,no,422,yes,no,cellular,14,may,647,4,-1,0,unknown,yes
한유진,010-1107-2774,47,management,married,unknown,no,4567,no,no,telephone,31,jul,921,4,-1,0,unknown,no
박하은,010-1354-9510,34,admin.,divorced,secondary,no,479,yes,no,cellular,12,may,515,1,350,5,failure,yes
황도윤,010-8095-1359,20,student,single,tertiary,no,2764,yes,no,unknown,29,may,139,2,-1,0,unknown,no
황하윤,010-9177-5905,54,management,married,tertiary,no,1938,yes,no,telephone,31,jul,81,7,-1,0,unknown,no
조유진,010-2728-0382,64,housemaid,married,unknown,no,2645,no,no,telephone,3,feb,219,2,-1,0,unknown,yes
서지민,010-8062-5937,42,blue-collar,married,secondary,no,443,yes,no,unknown,2,jun,671,5,-1,0,unknown,yes
서예서,010-4110-6870,80,retired,married,primary,no,155,no,no,telephone,9,dec,343,2,-1,0,unknown,yes
한예은,010-2824-5818,27,management,single,secondary,no,35,no,no,cellular,4,jul,255,1,-1,0,unknown,no
한지민,010-1228-5267,61,self-employed,married,tertiary,no,10861,no,no,cellular,25,oct,225,1,91,5,success,yes
한예은,010-3114-5188,31,blue-collar,single,secondary,no,196,yes,no,cellular,5,may,568,1,341,7,failure,yes
한시우,010-8121-5579,51,technician,married,secondary,no,-1944,yes,no,cellular,7,may,623,1,-1,0,unknown,yes
황민준,010-3500-1723,30,management,single,secondary,no,186,yes,no,cellular,20,nov,235,3,-1,0,unknown,no
서윤서,010-1670-5715,43,self-employed,single,unknown,no,3173,no,no,unknown,15,may,746,1,-1,0,unknown,yes
오준서,010-8339-0908,34,management,married,secondary,no,56,yes,no,cellular,20,nov,311,3,183,1,failure,no
한예은,010-0937-0862,30,unemployed,married,secondary,no,142,yes,no,unknown,20,may,350,4,-1,0,unknown,no
오하은,010-8917-5558,54,management,married,secondary,no,1134,yes,no,cellular,25,jul,1330,3,-1,0,unknown,yes
권지호,010-3557-3527,32,management,single,tertiary,no,0,yes,no,cellular,20,apr,415,2,-1,0,unknown,no
최지호,010-2811-1727,37,blue-collar,married,primary,no,3517,yes,no,unknown,23,may,445,1,-1,0,unknown,no
강지호,010-5194-9235,43,entrepreneur,married,tertiary,no,13342,yes,no,cellular,18,nov,465,1,-1,0,unknown,no
권하준,010-9256-0579,26,admin.,single,secondary,no,96,no,no,cellular,6,may,606,1,345,1,failure,no
신지아,010-2390-3631,49,blue-collar,married,primary,no,23,yes,no,unknown,23,may,247,1,-1,0,unknown,no
김지우,010-9714-7662,40,management,married,tertiary,no,0,no,no,cellular,14,jul,109,8,-1,0,unknown,no
안시우,010-0685-0519,32,student,single,secondary,no,14,no,no,cellular,19,aug,144,3,136,1,other,no
장채원,010-1227-7404,30,self-employed,married,secondary,no,131,yes,no,unknown,8,may,306,1,-1,0,unknown,no
류민서,010-8479-0798,39,admin.,single,tertiary,no,22086,no,no,cellular,4,jun,160,1,-1,0,unknown,yes
한채원,010-8060-4270,72,retired,married,secondary,no,5715,no,no,cellular,17,nov,1127,5,184,3,success,yes
정윤서,010-5963-5626,41,blue-collar,married,primary,no,219,no,yes,unknown,18,jun,1574,3,-1,0,unknown,yes
박예은,010-0744-7331,34,admin.,married,secondary,no,79,yes,no,unknown,23,may,83,1,-1,0,unknown,no
류다은,010-1986-4326,39,management,married,tertiary,no,2939,no,no,cellular,6,oct,608,1,99,3,failure,yes
안도윤,010-0731-7652,51,blue-collar,married,primary,no,1869,no,no,unknown,17,jun,30,3,-1,0,unknown,no
윤지호,010-5664-9247,32,management,married,tertiary,no,62,yes,no,cellular,14,may,166,1,-1,0,unknown,no
강서연,010-6343-1659,40,retired,single,secondary,no,1400,no,no,unknown,20,jun,20,7,-1,0,unknown,no
황하은,010-9266-0876,31,management,married,tertiary,no,676,no,no,cellular,7,aug,1182,1,-1,0,unknown,yes
송수아,010-2236-6922,30,management,single,tertiary,no,136,yes,no,unknown,23,may,152,1,-1,0,unknown,no
이예서,010-2762-5568,32,entrepreneur,married,secondary,no,1996,yes,no,cellular,18,nov,271,1,-1,0,unknown,no
류다은,010-0051-3307,54,management,married,primary,no,366,yes,no,unknown,15,may,589,1,-1,0,unknown,no
송하준,010-3488-9606,30,admin.,married,secondary,no,1265,yes,yes,unknown,26,may,414,2,-1,0,unknown,yes
신하윤,010-9888-3733,25,student,single,secondary,no,2975,no,no,cellular,2,sep,799,2,-1,0,unknown,yes
송지우,010-4361-2047,29,admin.,single,secondary,no,2768,yes,no,unknown,2,jun,121,4,-1,0,unknown,no
안지유,010-8878-8334,41,management,married,tertiary,no,0,no,no,cellular,11,aug,1242,5,-1,0,unknown,yes
최지유,010-0271-7261,32,management,married,tertiary,no,9214,no,yes,unknown,18,oct,71,1,-1,0,unknown,no
홍은서,010-3877-8823,53,blue-collar,married,secondary,no,4380,no,no,telephone,19,aug,223,7,-1,0,unknown,no
강은서,010-7706-5538,61,retired,married,primary,no,197,no,no,cellular,17,feb,113,1,-1,0,unknown,yes
한하준,010-3697-7028,26,technician,single,secondary,no,941,no,yes,cellular,25,jul,784,1,-1,0,unknown,yes
김예은,010-3718-7261,27,services,married,secondary,no,0,yes,no,cellular,23,jul,198,13,-1,0,unknown,no
황서연,010-1310-4038,59,retired,married,unknown,no,613,no,no,cellular,19,aug,75,2,-1,0,unknown,no
조시우,010-7249-4046,43,blue-collar,single,primary,no,0,no,no,unknown,9,may,71,3,-1,0,unknown,no
안은서,010-5418-5443,76,retired,married,primary,no,163,no,no,telephone,13,oct,120,1,-1,0,unknown,no
정도윤,010-4105-2337,36,blue-collar,married,primary,no,403,yes,no,unknown,4,jun,920,1,-1,0,unknown,yes
강수아,010-2724-1575,51,unemployed,married,tertiary,no,1801,no,no,cellular,16,apr,838,3,-1,0,unknown,yes
장지유,010-0834-7961,54,management,married,tertiary,no,1624,no,no,cellular,12,may,166,3,182,10,success,yes
강지아,010-7464-0458,36,management,married,tertiary,no,93,no,no,cellular,12,jul,262,2,182,7,failure,yes
박시우,010-5544-9560,33,technician,married,secondary,no,0,no,no,cellular,25,aug,296,8,-1,0,unknown,no
홍지우,010-6757-1123,27,blue-collar,single,secondary,no,137,no,yes,cellular,25,jul,359,1,-1,0,unknown,no
송하준,010-8796-6393,64,retired,married,secondary,no,3189,no,no,telephone,15,jun,208,1,-1,0,unknown,yes
안지민,010-0378-5084,32,blue-collar,married,secondary,no,889,yes,no,cellular,10,sep,185,1,99,5,success,yes
임시우,010-8972-8200,46,services,married,secondary,no,-119,yes,no,cellular,22,jul,151,3,-1,0,unknown,no
김하은,010-7074-1950,42,management,married,primary,no,5310,yes,no,cellular,20,aug,273,1,90,3,success,yes
류민준,010-2925-9728,35,management,married,tertiary,no,2682,yes,no,cellular,9,jul,156,1,-1,0,unknown,no
황수아,010-7240-4150,43,blue-collar,married,secondary,no,953,yes,no,cellular,4,feb,765,2,-1,0,unknown,yes
장하윤,010-1235-6414,44,blue-collar,married,primary,no,140,yes,no,unknown,15,may,7,9,-1,0,unknown,no
박하준,010-4329-8696,37,admin.,married,tertiary,no,0,yes,no,cellular,17,nov,65,2,119,1,failure,no
윤다은,010-9829-5980,31,management,single,tertiary,no,713,no,no,cellular,28,aug,162,1,-1,0,unknown,no
강지유,010-7646-4366,29,admin.,single,secondary,no,1992,no,no,cellular,12,apr,119,2,-1,0,unknown,no
신지아,010-8732-2547,28,blue-collar,married,secondary,no,4287,no,no,cellular,30,apr,171,1,-1,0,unknown,no
홍도윤,010-1977-9946,50,management,single,tertiary,no,297,yes,no,unknown,5,may,119,1,-1,0,unknown,no
안민서,010-8308-7254,56,blue-collar,married,secondary,no,1210,no,no,unknown,11,jun,935,1,-1,0,unknown,yes
오도윤,010-4344-3313,60,retired,married,tertiary,no,108,no,no,cellular,26,aug,624,1,-1,0,unknown,yes
류유진,010-6291-1226,53,entrepreneur,married,primary,no,27,yes,no,telephone,10,sep,230,3,-1,0,unknown,yes
장주원,010-7046-8902,47,blue-collar,married,secondary,no,1568,yes,no,cellular,21,may,226,3,91,8,success,yes
황민준,010-9687-5696,25,management,single,tertiary,no,1317,no,no,cellular,26,may,176,1,-1,0,unknown,yes
오예준,010-0964-5132,37,management,married,tertiary,no,11265,no,no,unknown,18,jun,417,1,-1,0,unknown,no
서지우,010-4279-6810,52,management,single,tertiary,no,741,no,no,cellular,7,aug,63,2,-1,0,unknown,no
신시우,010-6531-2046,32,management,single,tertiary,no,4291,no,no,cellular,7,aug,1321,9,-1,0,unknown,yes
임민준,010-8512-4958,33,student,married,secondary,no,1536,no,no,cellular,9,nov,262,1,94,2,success,yes
정유진,010-3552-1643,36,blue-collar,married,secondary,no,1193,no,no,cellular,30,oct,640,1,-1,0,unknown,yes
박도윤,010-4562-4069,42,blue-collar,married,primary,no,2103,yes,no,cellular,13,apr,384,2,-1,0,unknown,yes
최하은,010-9045-9593,40,blue-collar,single,unknown,no,24,yes,no,unknown,5,may,185,1,-1,0,unknown,no
송서윤,010-2403-8338,39,admin.,married,secondary,no,260,yes,no,cellular,13,nov,226,1,94,4,success,yes
이주원,010-0805-9454,32,student,single,tertiary,no,1138,no,no,telephone,10,feb,402,3,-1,0,unknown,yes
정소율,010-2718-9065,27,technician,single,secondary,no,261,yes,no,cellular,29,jan,236,2,247,2,failure,no
조준서,010-0585-5755,34,blue-collar,married,secondary,no,640,yes,no,cellular,29,apr,636,2,-1,0,unknown,yes
류지후,010-1790-3939,53,blue-collar,married,secondary,no,0,yes,no,cellular,7,may,407,2,-1,0,unknown,no
한지후,010-5975-7290,36,blue-collar,married,secondary,no,249,yes,no,cellular,15,may,709,5,-1,0,unknown,yes
권은서,010-6357-9300,38,blue-collar,divorced,primary,no,-258,yes,no,cellular,14,may,134,2,370,4,other,no
홍민준,010-7085-1396,41,blue-collar,married,secondary,no,641,yes,no,unknown,13,may,161,1,-1,0,unknown,no
한하준,010-5487-0285,51,management,married,tertiary,no,3463,no,yes,cellular,13,jul,371,2,166,3,other,yes
서은서,010-2527-5856,31,management,married,tertiary,no,537,yes,no,cellular,18,aug,216,1,-1,0,unknown,yes
임지우,010-2001-1838,30,technician,married,secondary,no,418,yes,no,unknown,3,jun,112,1,-1,0,unknown,no
송서연,010-4991-7412,50,blue-collar,married,primary,no,71,yes,no,unknown,6,may,678,1,-1,0,unknown,no
임지민,010-3236-9406,71,technician,married,secondary,no,3020,no,no,telephone,30,jul,304,1,270,3,failure,yes
장민준,010-3995-5166,56,technician,married,secondary,no,0,yes,yes,cellular,29,apr,152,1,223,3,other,no
조윤서,010-8649-9304,35,admin.,divorced,secondary,no,3636,no,yes,cellular,21,nov,808,2,-1,0,unknown,yes
송민서,010-8708-1456,31,management,married,tertiary,no,1164,yes,yes,cellular,18,jul,238,3,-1,0,unknown,no
황예서,010-1752-4839,24,blue-collar,single,secondary,no,1857,yes,no,cellular,8,oct,147,1,92,5,other,yes
황예은,010-5189-5667,20,blue-collar,single,secondary,no,423,yes,no,cellular,16,apr,498,1,-1,0,unknown,yes
황민서,010-2659-3275,35,admin.,single,tertiary,no,1374,yes,no,cellular,15,may,319,1,-1,0,unknown,no
임서윤,010-3232-0483,56,retired,divorced,secondary,no,389,yes,no,unknown,18,jun,379,5,-1,0,unknown,no
류서준,010-6593-5102,33,services,married,secondary,no,881,yes,no,unknown,21,may,67,5,-1,0,unknown,no
한서연,010-1753-9255,31,entrepreneur,divorced,tertiary,no,0,yes,no,cellular,18,nov,164,1,-1,0,unknown,no
박서준,010-4393-2377,33,admin.,single,secondary,no,241,no,no,cellular,22,jul,490,1,-1,0,unknown,no
최다은,010-8303-0399,47,blue-collar,married,secondary,no,3630,yes,no,unknown,14,may,133,4,-1,0,unknown,no
서지우,010-9780-8838,49,technician,divorced,secondary,no,305,no,no,cellular,24,jul,367,2,-1,0,unknown,yes
강지호,010-1912-7316,36,self-employed,single,tertiary,no,583,no,no,cellular,30,jan,859,1,235,1,other,no
조지우,010-5263-4236,31,blue-collar,single,secondary,no,-159,no,yes,telephone,21,nov,49,1,-1,0,unknown,no
서지호,010-9823-1358,49,technician,divorced,secondary,no,972,no,no,cellular,16,nov,104,3,175,2,failure,no
이은서,010-8033-1102,43,admin.,married,secondary,no,817,yes,yes,cellular,21,nov,51,1,-1,0,unknown,no
임하은,010-3284-7827,35,management,divorced,tertiary,no,1723,yes,no,cellular,25,jul,862,1,-1,0,unknown,yes
박하윤,010-0297-8234,41,admin.,single,secondary,no,-109,yes,yes,cellular,11,may,1038,1,370,1,failure,yes
권수아,010-2186-2361,37,management,divorced,tertiary,no,481,yes,no,cellular,19,aug,97,6,-1,0,unknown,no
홍하은,010-5635-3702,47,management,married,tertiary,no,0,no,no,cellular,19,aug,213,2,-1,0,unknown,no
최서현,010-3823-7971,46,blue-collar,married,secondary,no,624,yes,no,cellular,16,apr,201,1,-1,0,unknown,no
김서연,010-4438-0604,43,blue-collar,single,primary,no,548,yes,no,unknown,7,may,98,1,-1,0,unknown,no
윤시우,010-5281-7747,46,self-employed,single,primary,no,2032,no,no,cellular,30,jul,424,2,-1,0,unknown,no
임지민,010-0654-3156,56,admin.,divorced,secondary,no,1693,no,no,cellular,26,oct,238,4,442,4,failure,yes
이수아,010-0101-9891,67,retired,divorced,tertiary,no,443,no,no,cellular,18,aug,441,1,-1,0,unknown,yes
정하윤,010-8357-1806,35,management,single,tertiary,no,643,yes,no,unknown,23,may,322,1,-1,0,unknown,no
강채원,010-2755-5387,35,technician,married,secondary,no,410,yes,no,cellular,20,nov,67,2,-1,0,unknown,no
서주원,010-6640-8188,68,retired,married,secondary,no,1146,no,no,cellular,3,mar,153,2,110,3,success,yes
권지호,010-8165-0731,42,unemployed,married,secondary,no,-165,yes,yes,unknown,27,may,179,3,-1,0,unknown,no
강서연,010-6690-4586,44,housemaid,married,secondary,no,192,no,no,unknown,11,jun,232,2,-1,0,unknown,no
윤하은,010-6510-8851,46,blue-collar,married,secondary,no,2603,yes,yes,cellular,11,may,50,3,277,2,failure,no
박예서,010-9430-1408,51,housemaid,divorced,tertiary,no,1613,no,no,cellular,4,aug,870,1,-1,0,unknown,yes
임지호,010-1426-3839,57,technician,married,secondary,no,6362,yes,yes,cellular,18,nov,66,1,-1,0,unknown,no
오민서,010-3124-7329,30,admin.,single,secondary,no,28,no,no,unknown,20,aug,107,1,-1,0,unknown,no
최민서,010-5150-1033,42,blue-collar,married,secondary,no,790,yes,no,unknown,29,may,356,2,-1,0,unknown,no
홍유진,010-7618-0897,33,blue-collar,married,secondary,no,-253,yes,no,cellular,12,may,89,3,-1,0,unknown,no
오지아,010-5922-5827,36,blue-collar,divorced,primary,no,-308,yes,no,cellular,12,may,725,1,-1,0,unknown,yes
김예은,010-1682-7133,46,self-employed,single,secondary,no,526,no,no,cellular,30,apr,523,1,87,2,other,yes
황예서,010-6142-9258,35,management,single,tertiary,no,62,yes,no,cellular,20,apr,213,3,-1,0,unknown,yes
박주원,010-3356-1422,59,unemployed,married,secondary,no,957,no,no,cellular,8,mar,301,1,89,2,success,yes
안민서,010-4636-6679,36,services,married,secondary,no,394,no,no,cellular,5,aug,324,1,-1,0,unknown,yes
한도윤,010-0390-3756,34,blue-collar,married,secondary,no,320,yes,no,cellular,12,nov,413,1,92,3,success,yes
서서현,010-1239-2738,50,management,single,tertiary,no,1200,no,no,cellular,14,aug,904,3,-1,0,unknown,yes
김소율,010-3270-5545,29,management,single,tertiary,no,2955,no,no,cellular,29,apr,226,2,-1,0,unknown,yes
송지호,010-8633-2520,38,management,married,tertiary,no,119,yes,no,unknown,13,may,568,4,-1,0,unknown,yes
김지민,010-3196-0486,39,management,married,secondary,no,0,yes,no,cellular,24,jul,21,21,-1,0,unknown,no
이소율,010-0537-0454,31,management,married,tertiary,no,1032,no,no,cellular,7,jul,284,1,-1,0,unknown,yes
오예서,010-7497-2119,36,management,married,tertiary,no,659,no,no,cellular,28,aug,90,13,-1,0,unknown,no
안민서,010-3711-6550,33,housemaid,married,primary,no,0,no,no,cellular,11,aug,237,2,-1,0,unknown,no
정서현,010-8381-2607,56,blue-collar,married,secondary,no,249,yes,no,unknown,29,may,791,2,-1,0,unknown,yes
신지아,010-9975-3278,58,technician,married,secondary,no,99,no,no,telephone,22,sep,396,2,-1,0,unknown,yes
권시우,010-6666-3463,52,management,divorced,tertiary,no,-803,yes,no,cellular,7,aug,131,3,-1,0,unknown,no
윤예준,010-4044-5298,31,management,married,tertiary,no,0,yes,no,cellular,4,may,108,2,167,1,failure,no
장채원,010-1481-1772,66,retired,married,unknown,no,2540,no,no,telephone,10,dec,441,2,156,1,other,yes
정주원,010-1253-6280,27,student,single,tertiary,no,3733,yes,no,cellular,22,may,198,1,98,6,success,yes
윤하은,010-7980-0284,41,admin.,single,secondary,no,812,no,yes,unknown,11,jun,583,4,-1,0,unknown,yes
정지원,010-8109-1303,31,services,single,secondary,no,629,yes,no,unknown,21,may,369,2,-1,0,unknown,no
한예서,010-8644-4163,30,technician,single,tertiary,no,411,no,no,cellular,22,oct,127,3,149,2,failure,yes
안서준,010-2769-5906,28,technician,single,tertiary,no,375,yes,no,cellular,14,may,43,1,350,1,other,no
장하윤,010-0451-6765,45,student,single,unknown,no,1527,no,no,cellular,8,mar,132,1,-1,0,unknown,yes
임예은,010-2868-4296,42,management,married,tertiary,no,294,no,no,cellular,26,aug,513,1,-1,0,unknown,yes
류서현,010-9399-1916,27,management,single,secondary,no,145,yes,no,cellular,5,may,121,4,89,3,failure,no
송서현,010-5545-3006,36,management,single,tertiary,no,1379,no,no,cellular,25,may,189,1,186,1,failure,yes
오서윤,010-6392-3536,20,student,single,secondary,no,215,no,no,cellular,24,nov,325,1,95,5,success,yes
윤은서,010-3872-7411,43,technician,divorced,secondary,no,0,yes,no,cellular,5,may,150,2,342,2,failure,no
정소율,010-3171-4475,44,blue-collar,married,secondary,no,879,yes,no,cellular,3,apr,383,1,-1,0,unknown,no
오예서,010-6557-5637,43,blue-collar,married,primary,no,377,no,yes,unknown,20,jun,11,5,-1,0,unknown,no
최지원,010-7266-9826,39,blue-collar,married,secondary,no,171,yes,yes,cellular,8,may,153,1,353,1,failure,no
류윤서,010-4698-2929,39,blue-collar,married,primary,no,398,yes,no,cellular,12,may,256,1,-1,0,unknown,no
홍예은,010-7030-5698,26,technician,single,secondary,no,3244,no,no,cellular,2,feb,141,1,5,1,failure,no
신준서,010-1073-5363,26,admin.,single,secondary,no,96,no,no,cellular,11,aug,349,1,70,3,failure,yes
권서윤,010-8620-0198,40,blue-collar,married,primary,no,0,no,no,cellular,24,jul,313,1,-1,0,unknown,no
조민서,010-9097-0687,35,management,single,tertiary,no,68,no,no,unknown,6,jun,1085,1,-1,0,unknown,yes
권서준,010-4588-1984,33,management,single,tertiary,no,0,no,no,unknown,27,may,277,1,-1,0,unknown,no
권하은,010-6513-5299,31,services,married,secondary,no,447,no,no,cellular,19,mar,220,3,-1,0,unknown,yes
정채원,010-6727-6853,60,retired,married,secondary,no,975,no,no,cellular,16,sep,303,1,792,1,failure,yes
서지원,010-1157-3970,29,services,single,secondary,no,192,no,no,cellular,30,jan,327,4,-1,0,unknown,no
정예서,010-8246-7428,25,student,single,tertiary,no,1189,no,no,cellular,3,jun,165,1,-1,0,unknown,yes
정수아,010-0868-2984,78,retired,married,unknown,no,3208,no,no,telephone,20,may,351,3,-1,0,unknown,yes
황도윤,010-7747-3182,33,technician,single,tertiary,no,109,yes,yes,cellular,25,may,601,2,10,7,failure,yes
장지우,010-9881-8417,59,technician,married,primary,no,3163,yes,no,unknown,29,may,240,2,-1,0,unknown,no
이수아,010-8747-9068,60,admin.,married,secondary,no,3735,no,no,cellular,22,mar,248,1,90,10,success,yes
서시우,010-3180-7050,41,technician,married,secondary,no,128,yes,no,cellular,27,aug,100,2,-1,0,unknown,no
김은서,010-5088-5561,43,blue-collar,married,secondary,no,1096,no,yes,unknown,30,may,180,1,-1,0,unknown,no
임서현,010-2431-9868,27,blue-collar,single,secondary,no,535,no,no,cellular,16,nov,183,1,94,1,success,yes
류윤서,010-9655-5337,36,technician,divorced,secondary,no,160,yes,no,unknown,26,may,142,1,-1,0,unknown,no
조하준,010-4222-3724,32,management,married,tertiary,no,134,no,yes,cellular,29,aug,162,2,-1,0,unknown,no
조주원,010-8188-1059,44,technician,married,tertiary,no,1933,no,no,cellular,5,jun,462,1,-1,0,unknown,yes
강유진,010-5289-1327,53,housemaid,married,primary,no,2581,no,no,cellular,21,oct,828,1,189,1,failure,yes
윤서준,010-8024-5852,59,retired,single,secondary,no,351,yes,no,unknown,27,may,1063,5,-1,0,unknown,yes
장채원,010-1727-1483,35,blue-collar,divorced,primary,no,300,yes,no,unknown,13,may,945,2,-1,0,unknown,yes
임수아,010-2029-0607,32,management,married,tertiary,no,0,no,no,unknown,9,may,280,1,-1,0,unknown,no
권지후,010-3957-5143,30,services,married,tertiary,no,81,no,no,cellular,22,apr,145,1,-1,0,unknown,yes
임지호,010-1046-8631,34,blue-collar,married,primary,no,218,yes,yes,unknown,21,may,260,1,-1,0,unknown,no
안소율,010-4609-6973,55,management,single,tertiary,no,0,no,no,cellular,3,nov,222,3,187,3,failure,no
이수아,010-3126-7662,28,blue-collar,married,secondary,no,173,no,no,cellular,18,jul,588,7,-1,0,unknown,yes
안다은,010-7309-9372,37,admin.,married,secondary,yes,0,no,no,unknown,9,jun,89,1,-1,0,unknown,no
신서윤,010-6412-7095,27,unemployed,single,secondary,no,771,no,no,cellular,21,oct,181,1,302,3,other,yes
강하은,010-2449-7534,35,management,single,tertiary,no,2306,no,no,cellular,18,aug,86,7,-1,0,unknown,no
류윤서,010-8365-3692,40,blue-collar,single,secondary,no,3,no,no,cellular,19,nov,998,1,-1,0,unknown,yes
정하은,010-5265-1650,46,management,married,tertiary,no,2817,no,no,cellular,17,sep,543,1,-1,0,unknown,yes
